2024/08/06 00:00,32.8,58.9,83.6
2024/08/06 00:05,32.8,59.2,83.6
2024/08/06 00:10,32.8,59.0,83.6
2024/08/06 00:15,32.8,59.2,83.6
2024/08/06 00:20,32.7,59.1,83.5
2024/08/06 00:25,32.8,59.2,83.6
2024/08/06 00:30,32.7,59.2,83.5
2024/08/06 00:35,32.7,59.0,83.5
2024/08/06 00:40,32.7,59.0,83.5
2024/08/06 00:45,32.7,59.0,83.5
2024/08/06 00:50,32.6,59.0,83.3
2024/08/06 00:55,32.6,58.9,83.3
2024/08/06 01:00,32.6,58.9,83.3
2024/08/06 01:05,32.6,58.9,83.3
2024/08/06 01:10,32.5,58.8,83.1
2024/08/06 01:15,32.6,58.9,83.3
2024/08/06 01:20,32.5,58.8,83.1
2024/08/06 01:25,32.5,58.9,83.2
2024/08/06 01:30,32.4,58.8,83.0
2024/08/06 01:35,32.4,58.8,83.0
2024/08/06 01:40,32.4,58.8,83.0
2024/08/06 01:45,32.4,58.8,83.0
2024/08/06 01:50,32.4,58.9,83.0
2024/08/06 01:55,32.3,58.8,82.9
2024/08/06 02:00,32.3,58.8,82.9
2024/08/06 02:05,32.3,58.8,82.9
2024/08/06 02:10,32.3,58.6,82.8
2024/08/06 02:15,32.3,58.6,82.8
2024/08/06 02:20,32.2,58.7,82.7
2024/08/06 02:25,32.2,58.6,82.7
2024/08/06 02:30,32.2,58.6,82.7
2024/08/06 02:35,32.2,58.8,82.7
2024/08/06 02:40,32.3,58.8,82.9
2024/08/06 02:45,32.1,58.8,82.6
2024/08/06 02:50,32.1,58.8,82.6
2024/08/06 02:55,32.1,58.8,82.6
2024/08/06 03:00,32.1,59.0,82.6
2024/08/06 03:05,32.0,59.0,82.5
2024/08/06 03:10,32.1,59.0,82.6
2024/08/06 03:15,32.0,58.9,82.5
2024/08/06 03:20,32.0,58.8,82.4
2024/08/06 03:25,32.0,58.7,82.4
2024/08/06 03:30,31.9,58.8,82.3
2024/08/06 03:35,31.9,58.7,82.3
2024/08/06 03:40,32.0,58.8,82.4
2024/08/06 03:45,31.9,58.8,82.3
2024/08/06 03:50,31.9,58.7,82.3
2024/08/06 03:55,31.8,58.6,82.1
2024/08/06 04:00,31.9,58.6,82.3
2024/08/06 04:05,31.8,58.8,82.2
2024/08/06 04:10,31.8,58.8,82.2
2024/08/06 04:15,31.9,58.7,82.3
2024/08/06 04:20,31.7,58.9,82.0
2024/08/06 04:25,31.7,58.8,82.0
2024/08/06 04:30,31.7,58.9,82.0
2024/08/06 04:35,31.7,58.9,82.0
2024/08/06 04:40,31.6,58.8,81.9
2024/08/06 04:45,31.6,58.9,81.9
2024/08/06 04:50,31.6,58.9,81.9
2024/08/06 04:55,31.6,58.9,81.9
2024/08/06 05:00,31.6,58.9,81.9
2024/08/06 05:05,31.6,58.9,81.9
2024/08/06 05:10,31.6,58.8,81.9
2024/08/06 05:15,31.7,58.9,82.0
2024/08/06 05:20,31.5,58.8,81.7
2024/08/06 05:25,31.5,58.9,81.8
2024/08/06 05:30,31.6,58.8,81.9
2024/08/06 05:35,31.5,59.2,81.8
2024/08/06 05:40,31.5,59.1,81.8
2024/08/06 05:45,31.4,59.1,81.7
2024/08/06 05:50,31.4,59.0,81.6
2024/08/06 05:55,31.6,59.0,81.9
2024/08/06 06:00,31.4,59.1,81.7
2024/08/06 06:05,31.4,59.1,81.7
2024/08/06 06:10,31.4,59.1,81.7
2024/08/06 06:15,31.4,59.0,81.6
2024/08/06 06:20,31.4,59.0,81.6
2024/08/06 06:25,31.5,58.9,81.8
2024/08/06 06:30,31.5,58.9,81.8
2024/08/06 06:35,31.5,59.0,81.8
2024/08/06 06:40,31.5,59.1,81.8
2024/08/06 06:45,31.5,59.2,81.8
2024/08/06 06:50,31.5,59.1,81.8
2024/08/06 06:55,31.5,59.2,81.8
2024/08/06 07:00,31.5,59.1,81.8
2024/08/06 07:05,31.5,59.1,81.8
2024/08/06 07:10,31.5,59.1,81.8
2024/08/06 07:15,31.5,59.0,81.8
2024/08/06 07:20,31.6,58.9,81.9
2024/08/06 07:25,31.5,59.0,81.8
2024/08/06 07:30,31.6,58.9,81.9
2024/08/06 07:35,31.6,59.0,81.9
2024/08/06 07:40,31.6,59.0,81.9
2024/08/06 07:45,31.7,59.0,82.1
2024/08/06 07:50,31.7,58.9,82.0
2024/08/06 07:55,31.7,58.9,82.0
2024/08/06 08:00,31.7,58.9,82.0
2024/08/06 08:05,31.7,59.0,82.1
2024/08/06 08:10,31.8,59.0,82.2
2024/08/06 08:15,31.8,59.0,82.2
2024/08/06 08:20,31.8,59.1,82.2
2024/08/06 08:25,31.8,59.1,82.2
2024/08/06 08:30,31.9,59.1,82.4
2024/08/06 08:35,31.9,59.1,82.4
2024/08/06 08:40,32.0,59.2,82.5
2024/08/06 08:45,32.0,59.3,82.5
2024/08/06 08:50,32.0,59.1,82.5
2024/08/06 08:55,32.1,59.1,82.6
2024/08/06 09:00,32.2,59.3,82.8
2024/08/06 09:05,32.2,59.3,82.8
2024/08/06 09:10,32.2,59.3,82.8
2024/08/06 09:15,32.3,59.3,82.9
2024/08/06 09:20,32.3,59.2,82.9
2024/08/06 09:25,32.4,59.2,83.1
2024/08/06 09:30,32.4,59.1,83.0
2024/08/06 09:35,32.5,59.1,83.2
2024/08/06 09:40,32.6,58.7,83.3
2024/08/06 09:45,32.6,59.0,83.3
2024/08/06 09:50,32.6,59.3,83.4
2024/08/06 09:55,32.7,59.1,83.5
2024/08/06 10:00,32.8,59.0,83.6
2024/08/06 10:05,32.8,59.1,83.6
2024/08/06 10:10,32.8,58.9,83.6
2024/08/06 10:15,32.9,59.1,83.7
2024/08/06 10:20,32.9,59.1,83.7
2024/08/06 10:25,33.0,59.4,83.9
2024/08/06 10:30,33.0,59.1,83.9
2024/08/06 10:35,33.1,59.3,84.1
2024/08/06 10:40,33.1,59.1,84.0
2024/08/06 10:45,33.1,59.4,84.1
2024/08/06 10:50,33.2,59.3,84.2
2024/08/06 10:55,33.3,59.0,84.3
2024/08/06 11:00,33.4,59.0,84.4
2024/08/06 11:05,33.4,58.7,84.4
2024/08/06 11:10,33.5,58.9,84.5
2024/08/06 11:15,33.5,58.8,84.5
2024/08/06 11:20,33.6,58.7,84.6
2024/08/06 11:25,33.6,58.7,84.6
2024/08/06 11:30,33.7,58.5,84.7
2024/08/06 11:35,33.8,58.6,84.9
2024/08/06 11:40,33.8,58.3,84.8
2024/08/06 11:45,33.8,58.1,84.8
2024/08/06 11:50,33.8,57.9,84.8
2024/08/06 11:55,33.9,57.8,84.9
2024/08/06 12:00,34.0,57.8,85.0
2024/08/06 12:05,34.1,57.3,85.1
2024/08/06 12:10,34.1,56.9,85.0
2024/08/06 12:15,34.1,57.2,85.1
2024/08/06 12:20,34.2,57.2,85.2
2024/08/06 12:25,34.3,57.2,85.3
2024/08/06 12:30,34.4,57.2,85.5
2024/08/06 12:35,34.5,57.0,85.6
2024/08/06 12:40,34.5,57.0,85.6
2024/08/06 12:45,34.6,56.8,85.7
2024/08/06 12:50,34.7,56.9,85.8
2024/08/06 12:55,34.8,56.7,85.9
2024/08/06 13:00,34.8,56.6,85.9
2024/08/06 13:05,35.0,56.3,86.1
2024/08/06 13:10,34.9,56.0,85.9
2024/08/06 13:15,34.8,56.3,85.8
2024/08/06 13:20,34.8,56.4,85.9
2024/08/06 13:25,34.9,56.3,86.0
2024/08/06 13:30,34.9,56.4,86.0
2024/08/06 13:35,35.1,56.4,86.3
2024/08/06 13:40,35.2,56.4,86.4
2024/08/06 13:45,35.2,56.5,86.4
2024/08/06 13:50,35.2,56.6,86.4
2024/08/06 13:55,35.2,56.7,86.5
2024/08/06 14:00,35.2,57.2,86.6
2024/08/06 14:05,35.1,57.7,86.5
2024/08/06 14:10,35.1,57.8,86.6
2024/08/06 14:15,35.1,57.7,86.5
2024/08/06 14:20,35.1,57.7,86.5
2024/08/06 14:25,35.1,57.6,86.5
2024/08/06 14:30,35.0,57.8,86.4
2024/08/06 14:35,35.0,57.9,86.4
2024/08/06 14:40,35.0,57.7,86.4
2024/08/06 14:45,35.1,57.4,86.5
2024/08/06 14:50,35.1,57.3,86.4
2024/08/06 14:55,35.0,57.2,86.3
2024/08/06 15:00,35.1,57.3,86.4
2024/08/06 15:05,35.0,57.2,86.3
2024/08/06 15:10,35.0,57.1,86.3
2024/08/06 15:15,35.0,57.3,86.3
2024/08/06 15:20,35.0,57.4,86.3
2024/08/06 15:25,35.0,57.4,86.3
2024/08/06 15:30,35.0,57.7,86.4
2024/08/06 15:35,35.0,57.8,86.4
2024/08/06 15:40,34.9,57.9,86.3
2024/08/06 15:45,34.9,58.3,86.4
2024/08/06 15:50,35.0,58.2,86.5
2024/08/06 15:55,34.9,58.3,86.4
2024/08/06 16:00,34.9,58.4,86.4
2024/08/06 16:05,34.8,58.6,86.3
2024/08/06 16:10,34.8,58.9,86.4
2024/08/06 16:15,34.8,59.0,86.4
2024/08/06 16:20,34.8,59.0,86.4
2024/08/06 16:25,34.8,59.0,86.4
2024/08/06 16:30,34.8,59.0,86.4
2024/08/06 16:35,34.9,59.0,86.5
2024/08/06 16:40,34.8,59.1,86.4
2024/08/06 16:45,34.8,59.0,86.4
2024/08/06 16:50,34.8,59.0,86.4
2024/08/06 16:55,34.7,58.8,86.2
2024/08/06 17:00,34.7,59.0,86.2
2024/08/06 17:05,34.7,59.1,86.3
2024/08/06 17:10,34.6,59.0,86.1
2024/08/06 17:15,34.6,58.8,86.1
2024/08/06 17:20,34.6,58.8,86.1
2024/08/06 17:25,34.5,58.6,85.9
2024/08/06 17:30,34.5,59.1,86.0
2024/08/06 17:35,34.5,59.1,86.0
2024/08/06 17:40,34.6,58.9,86.1
2024/08/06 17:45,34.5,59.0,86.0
2024/08/06 17:50,34.5,59.0,86.0
2024/08/06 17:55,34.5,58.9,85.9
2024/08/06 18:00,34.5,58.9,85.9
2024/08/06 18:05,34.5,58.8,85.9
2024/08/06 18:10,34.4,58.8,85.8
2024/08/06 18:15,34.4,58.9,85.8
2024/08/06 18:20,34.5,59.0,86.0
2024/08/06 18:25,34.3,59.1,85.7
2024/08/06 18:30,34.3,58.9,85.7
2024/08/06 18:35,34.2,59.1,85.6
2024/08/06 18:40,34.2,59.0,85.5
2024/08/06 18:45,34.2,58.9,85.5
2024/08/06 18:50,34.2,58.8,85.5
2024/08/06 18:55,34.2,58.8,85.5
2024/08/06 19:00,34.2,58.7,85.5
2024/08/06 19:05,34.1,58.5,85.3
2024/08/06 19:10,34.2,58.5,85.4
2024/08/06 19:15,34.2,58.7,85.5
2024/08/06 19:20,34.1,58.6,85.3
2024/08/06 19:25,34.1,58.5,85.3
2024/08/06 19:30,34.0,58.7,85.2
2024/08/06 19:35,34.0,58.7,85.2
2024/08/06 19:40,33.9,58.8,85.1
2024/08/06 19:45,33.9,58.7,85.1
2024/08/06 19:50,34.1,58.8,85.4
2024/08/06 19:55,33.9,58.9,85.1
2024/08/06 20:00,33.8,58.9,85.0
2024/08/06 20:05,33.8,58.9,85.0
2024/08/06 20:10,33.7,59.2,84.9
2024/08/06 20:15,33.6,59.5,84.8
2024/08/06 20:20,33.7,59.4,84.9
2024/08/06 20:25,33.7,59.2,84.9
2024/08/06 20:30,33.6,59.3,84.8
2024/08/06 20:35,33.6,59.2,84.7
2024/08/06 20:40,33.6,58.6,84.6
2024/08/06 20:45,33.6,58.3,84.6
2024/08/06 20:50,33.7,58.3,84.7
2024/08/06 20:55,33.6,58.6,84.6
2024/08/06 21:00,33.5,59.2,84.6
2024/08/06 21:05,33.5,59.3,84.6
2024/08/06 21:10,33.5,59.4,84.6
2024/08/06 21:15,33.4,59.3,84.5
2024/08/06 21:20,33.4,59.3,84.5
2024/08/06 21:25,33.4,59.1,84.4
2024/08/06 21:30,33.3,59.4,84.4
2024/08/06 21:35,33.3,59.6,84.4
2024/08/06 21:40,33.4,59.2,84.5
2024/08/06 21:45,33.3,59.3,84.3
2024/08/06 21:50,33.4,59.3,84.5
2024/08/06 21:55,33.3,59.0,84.3
2024/08/06 22:00,33.3,59.0,84.3
2024/08/06 22:05,33.3,58.9,84.3
2024/08/06 22:10,33.3,58.5,84.2
2024/08/06 22:15,33.3,58.8,84.2
2024/08/06 22:20,33.4,58.5,84.3
2024/08/06 22:25,33.3,58.6,84.2
2024/08/06 22:30,33.3,58.5,84.2
2024/08/06 22:35,33.2,58.7,84.1
2024/08/06 22:40,33.2,58.8,84.1
2024/08/06 22:45,33.1,59.1,84.0
2024/08/06 22:50,33.1,59.1,84.0
2024/08/06 22:55,33.1,59.0,84.0
2024/08/06 23:00,33.1,59.1,84.0
2024/08/06 23:05,33.1,58.7,84.0
2024/08/06 23:10,33.1,58.4,83.9
2024/08/06 23:15,33.1,58.4,83.9
2024/08/06 23:20,33.0,58.7,83.8
2024/08/06 23:25,33.0,58.8,83.8
2024/08/06 23:30,33.0,58.7,83.8
2024/08/06 23:35,32.9,58.9,83.7
2024/08/06 23:40,32.9,59.0,83.7
2024/08/06 23:45,32.9,58.7,83.7
2024/08/06 23:50,32.9,58.4,83.6
2024/08/06 23:55,32.9,58.3,83.6
2024/08/07 00:00,32.9,58.3,83.6
2024/08/07 00:05,32.9,58.4,83.6
2024/08/07 00:10,32.8,58.5,83.5
2024/08/07 00:15,32.8,58.8,83.6
2024/08/07 00:20,32.8,58.8,83.6
2024/08/07 00:25,32.7,59.0,83.5
2024/08/07 00:30,32.6,58.9,83.3
2024/08/07 00:35,32.7,58.4,83.3
2024/08/07 00:40,32.8,58.3,83.5
2024/08/07 00:45,32.7,58.6,83.4
2024/08/07 00:50,32.6,58.7,83.3
2024/08/07 00:55,32.6,58.9,83.3
2024/08/07 01:00,32.5,59.1,83.2
2024/08/07 01:05,32.5,58.9,83.2
2024/08/07 01:10,32.6,58.5,83.2
2024/08/07 01:15,32.5,58.7,83.1
2024/08/07 01:20,32.5,58.7,83.1
2024/08/07 01:25,32.4,58.7,83.0
2024/08/07 01:30,32.5,58.4,83.1
2024/08/07 01:35,32.5,58.3,83.0
2024/08/07 01:40,32.6,58.4,83.2
2024/08/07 01:45,32.4,58.4,82.9
2024/08/07 01:50,32.3,58.7,82.8
2024/08/07 01:55,32.3,58.7,82.8
2024/08/07 02:00,32.3,58.8,82.9
2024/08/07 02:05,32.3,58.8,82.9
2024/08/07 02:10,32.2,58.8,82.7
2024/08/07 02:15,32.3,58.7,82.8
2024/08/07 02:20,32.2,58.7,82.7
2024/08/07 02:25,32.1,58.8,82.6
2024/08/07 02:30,32.0,59.0,82.5
2024/08/07 02:35,32.0,59.0,82.5
2024/08/07 02:40,32.1,58.8,82.6
2024/08/07 02:45,32.0,58.8,82.4
2024/08/07 02:50,32.0,58.9,82.5
2024/08/07 02:55,32.1,59.2,82.6
2024/08/07 03:00,31.9,59.1,82.4
2024/08/07 03:05,31.9,59.4,82.4
2024/08/07 03:10,31.9,59.1,82.4
2024/08/07 03:15,31.9,58.8,82.3
2024/08/07 03:20,31.9,58.6,82.3
2024/08/07 03:25,31.9,58.7,82.3
2024/08/07 03:30,31.8,58.8,82.2
2024/08/07 03:35,31.8,58.6,82.1
2024/08/07 03:40,31.8,58.8,82.2
2024/08/07 03:45,31.7,59.0,82.1
2024/08/07 03:50,31.7,59.1,82.1
2024/08/07 03:55,31.7,59.2,82.1
2024/08/07 04:00,31.7,59.0,82.1
2024/08/07 04:05,31.7,58.9,82.0
2024/08/07 04:10,31.7,58.9,82.0
2024/08/07 04:15,31.7,58.6,82.0
2024/08/07 04:20,31.7,58.7,82.0
2024/08/07 04:25,31.6,58.8,81.9
2024/08/07 04:30,31.5,59.1,81.8
2024/08/07 04:35,31.5,58.8,81.7
2024/08/07 04:40,31.5,58.8,81.7
2024/08/07 04:45,31.6,58.6,81.8
2024/08/07 04:50,31.5,58.7,81.7
2024/08/07 04:55,31.4,58.8,81.6
2024/08/07 05:00,31.4,58.5,81.6
2024/08/07 05:05,31.4,58.5,81.6
2024/08/07 05:10,31.4,58.6,81.6
2024/08/07 05:15,31.3,58.6,81.4
2024/08/07 05:20,31.3,58.5,81.4
2024/08/07 05:25,31.3,58.5,81.4
2024/08/07 05:30,31.3,58.6,81.4
2024/08/07 05:35,31.4,58.6,81.6
2024/08/07 05:40,31.2,58.6,81.3
2024/08/07 05:45,31.2,58.5,81.3
2024/08/07 05:50,31.3,58.5,81.4
2024/08/07 05:55,31.2,58.6,81.3
2024/08/07 06:00,31.2,58.5,81.3
2024/08/07 06:05,31.2,58.5,81.3
2024/08/07 06:10,31.1,58.6,81.2
2024/08/07 06:15,31.1,58.7,81.2
2024/08/07 06:20,31.2,58.5,81.3
2024/08/07 06:25,31.1,58.4,81.1
2024/08/07 06:30,31.2,58.3,81.2
2024/08/07 06:35,31.2,58.2,81.2
2024/08/07 06:40,31.2,58.4,81.3
2024/08/07 06:45,31.3,58.3,81.4
2024/08/07 06:50,31.2,58.4,81.3
2024/08/07 06:55,31.2,58.6,81.3
2024/08/07 07:00,31.2,58.5,81.3
2024/08/07 07:05,31.2,58.5,81.3
2024/08/07 07:10,31.1,58.3,81.1
2024/08/07 07:15,31.2,58.2,81.2
2024/08/07 07:20,31.0,61.1,81.4
2024/08/07 07:25,30.4,63.8,81.0
2024/08/07 07:30,30.5,62.6,81.0
2024/08/07 07:35,30.6,61.1,80.9
2024/08/07 07:40,31.1,61.0,81.5
2024/08/07 07:45,31.2,61.1,81.7
2024/08/07 07:50,31.2,59.8,81.5
2024/08/07 07:55,31.3,59.7,81.6
2024/08/07 08:00,31.4,60.0,81.8
2024/08/07 08:05,31.3,59.9,81.6
2024/08/07 08:10,31.4,60.4,81.9
2024/08/07 08:15,31.4,59.8,81.8
2024/08/07 08:20,31.5,59.9,81.9
2024/08/07 08:25,31.5,60.3,82.0
2024/08/07 08:30,31.6,60.0,82.1
2024/08/07 08:35,31.6,59.9,82.1
2024/08/07 08:40,31.7,60.0,82.2
2024/08/07 08:45,31.7,59.9,82.2
2024/08/07 08:50,31.8,60.1,82.4
2024/08/07 08:55,31.7,60.2,82.3
2024/08/07 09:00,31.8,60.2,82.4
2024/08/07 09:05,31.8,59.9,82.4
2024/08/07 09:10,31.8,59.8,82.3
2024/08/07 09:15,31.8,60.0,82.4
2024/08/07 09:20,31.9,59.7,82.5
2024/08/07 09:25,32.0,59.9,82.6
2024/08/07 09:30,32.0,59.9,82.6
2024/08/07 09:35,32.0,59.8,82.6
2024/08/07 09:40,32.0,60.1,82.7
2024/08/07 09:45,32.0,60.0,82.6
2024/08/07 09:50,32.1,59.9,82.8
2024/08/07 09:55,32.1,60.1,82.8
2024/08/07 10:00,32.2,60.3,83.0
2024/08/07 10:05,32.2,60.3,83.0
2024/08/07 10:10,32.2,60.1,82.9
2024/08/07 10:15,32.3,60.0,83.1
2024/08/07 10:20,32.3,60.1,83.1
2024/08/07 10:25,32.4,59.7,83.2
2024/08/07 10:30,32.4,59.7,83.2
2024/08/07 10:35,32.4,59.7,83.2
2024/08/07 10:40,32.5,59.7,83.3
2024/08/07 10:45,32.6,59.8,83.5
2024/08/07 10:50,32.6,59.6,83.4
2024/08/07 10:55,32.7,59.6,83.6
2024/08/07 11:00,32.8,59.5,83.7
2024/08/07 11:05,32.8,59.4,83.7
2024/08/07 11:10,32.9,59.3,83.8
2024/08/07 11:15,33.0,59.2,83.9
2024/08/07 11:20,33.0,59.2,83.9
2024/08/07 11:25,33.1,59.1,84.0
2024/08/07 11:30,33.2,59.0,84.1
2024/08/07 11:35,33.2,59.0,84.1
2024/08/07 11:40,33.3,58.9,84.3
2024/08/07 11:45,33.3,58.8,84.2
2024/08/07 11:50,33.5,58.7,84.5
2024/08/07 11:55,33.5,58.8,84.5
2024/08/07 12:00,33.6,58.6,84.6
2024/08/07 12:05,33.7,58.5,84.7
2024/08/07 12:10,33.8,58.3,84.8
2024/08/07 12:15,33.8,58.0,84.8
2024/08/07 12:20,33.8,57.3,84.7
2024/08/07 12:25,33.8,57.0,84.6
2024/08/07 12:30,33.8,57.0,84.6
2024/08/07 12:35,33.9,56.8,84.7
2024/08/07 12:40,33.9,56.7,84.7
2024/08/07 12:45,34.0,56.4,84.8
2024/08/07 12:50,34.0,56.2,84.7
2024/08/07 12:55,34.0,56.0,84.7
2024/08/07 13:00,34.1,55.9,84.8
2024/08/07 13:05,34.2,55.9,84.9
2024/08/07 13:10,34.2,55.7,84.9
2024/08/07 13:15,34.3,55.5,85.0
2024/08/07 13:20,34.4,55.3,85.1
2024/08/07 13:25,34.4,55.0,85.0
2024/08/07 13:30,34.4,54.8,85.0
2024/08/07 13:35,34.5,54.5,85.1
2024/08/07 13:40,34.5,54.3,85.0
2024/08/07 13:45,34.6,54.2,85.1
2024/08/07 13:50,34.6,53.9,85.1
2024/08/07 13:55,34.7,53.9,85.2
2024/08/07 14:00,34.7,53.4,85.1
2024/08/07 14:05,34.8,53.4,85.2
2024/08/07 14:10,34.9,53.4,85.4
2024/08/07 14:15,34.9,53.4,85.4
2024/08/07 14:20,35.0,53.8,85.6
2024/08/07 14:25,35.1,53.8,85.7
2024/08/07 14:30,35.2,54.1,85.9
2024/08/07 14:35,35.3,54.6,86.2
2024/08/07 14:40,35.3,55.0,86.2
2024/08/07 14:45,35.3,55.2,86.3
2024/08/07 14:50,35.4,55.3,86.4
2024/08/07 14:55,35.5,55.1,86.5
2024/08/07 15:00,35.6,55.2,86.7
2024/08/07 15:05,35.7,55.4,86.9
2024/08/07 15:10,35.5,55.9,86.7
2024/08/07 15:15,35.5,55.9,86.7
2024/08/07 15:20,35.6,56.1,86.9
2024/08/07 15:25,35.5,56.3,86.8
2024/08/07 15:30,35.6,56.4,86.9
2024/08/07 15:35,35.6,56.5,87.0
2024/08/07 15:40,35.6,56.6,87.0
2024/08/07 15:45,35.7,56.8,87.2
2024/08/07 15:50,35.7,56.9,87.2
2024/08/07 15:55,35.7,56.5,87.1
2024/08/07 16:00,35.7,56.3,87.1
2024/08/07 16:05,35.6,55.6,86.8
2024/08/07 16:10,35.6,55.2,86.7
2024/08/07 16:15,35.7,55.2,86.8
2024/08/07 16:20,35.7,55.3,86.9
2024/08/07 16:25,35.6,55.5,86.8
2024/08/07 16:30,35.7,55.2,86.8
2024/08/07 16:35,35.7,55.1,86.8
2024/08/07 16:40,35.8,55.3,87.0
2024/08/07 16:45,35.6,55.5,86.8
2024/08/07 16:50,35.6,55.7,86.8
2024/08/07 16:55,35.7,55.9,87.0
2024/08/07 17:00,35.6,55.9,86.8
2024/08/07 17:05,35.5,55.9,86.7
2024/08/07 17:10,35.5,56.0,86.7
2024/08/07 17:15,35.6,56.1,86.9
2024/08/07 17:20,35.4,56.2,86.6
2024/08/07 17:25,35.4,56.3,86.7
2024/08/07 17:30,35.6,56.2,86.9
2024/08/07 17:35,35.4,56.4,86.7
2024/08/07 17:40,35.4,56.5,86.7
2024/08/07 17:45,35.3,57.1,86.7
2024/08/07 17:50,35.3,57.2,86.7
2024/08/07 17:55,35.2,57.5,86.6
2024/08/07 18:00,35.3,57.4,86.7
2024/08/07 18:05,35.2,57.2,86.6
2024/08/07 18:10,35.2,57.3,86.6
2024/08/07 18:15,35.2,57.3,86.6
2024/08/07 18:20,35.2,57.5,86.6
2024/08/07 18:25,35.1,57.8,86.6
2024/08/07 18:30,35.0,57.7,86.4
2024/08/07 18:35,34.9,58.0,86.3
2024/08/07 18:40,35.0,57.3,86.3
2024/08/07 18:45,35.0,57.0,86.2
2024/08/07 18:50,35.0,57.0,86.2
2024/08/07 18:55,35.0,57.1,86.3
2024/08/07 19:00,35.0,56.9,86.2
2024/08/07 19:05,35.0,56.8,86.2
2024/08/07 19:10,35.1,56.8,86.3
2024/08/07 19:15,34.9,56.8,86.1
2024/08/07 19:20,34.9,57.0,86.1
2024/08/07 19:25,34.8,57.2,86.0
2024/08/07 19:30,34.7,57.2,85.9
2024/08/07 19:35,34.8,57.0,86.0
2024/08/07 19:40,34.7,57.3,85.9
2024/08/07 19:45,34.6,57.1,85.7
2024/08/07 19:50,34.6,57.5,85.8
2024/08/07 19:55,34.6,57.6,85.8
2024/08/07 20:00,34.7,57.7,86.0
2024/08/07 20:05,34.5,57.5,85.7
2024/08/07 20:10,34.5,57.2,85.6
2024/08/07 20:15,34.5,57.1,85.6
2024/08/07 20:20,34.5,57.0,85.6
2024/08/07 20:25,34.5,57.1,85.6
2024/08/07 20:30,34.4,57.4,85.5
2024/08/07 20:35,34.4,57.4,85.5
2024/08/07 20:40,34.3,57.5,85.4
2024/08/07 20:45,34.3,57.3,85.3
2024/08/07 20:50,34.3,57.1,85.3
2024/08/07 20:55,34.2,56.9,85.1
2024/08/07 21:00,34.2,56.7,85.1
2024/08/07 21:05,34.2,56.5,85.1
2024/08/07 21:10,34.1,56.4,84.9
2024/08/07 21:15,34.0,55.9,84.7
2024/08/07 21:20,33.9,56.5,84.6
2024/08/07 21:25,33.8,56.4,84.5
2024/08/07 21:30,33.8,56.5,84.5
2024/08/07 21:35,33.7,56.6,84.4
2024/08/07 21:40,33.7,56.7,84.4
2024/08/07 21:45,33.7,56.9,84.4
2024/08/07 21:50,33.8,57.3,84.7
2024/08/07 21:55,33.5,57.9,84.4
2024/08/07 22:00,33.6,58.0,84.5
2024/08/07 22:05,33.4,58.1,84.3
2024/08/07 22:10,33.5,58.0,84.4
2024/08/07 22:15,33.5,57.8,84.3
2024/08/07 22:20,33.6,57.7,84.5
2024/08/07 22:25,33.6,57.6,84.4
2024/08/07 22:30,33.7,57.7,84.6
2024/08/07 22:35,33.6,57.6,84.4
2024/08/07 22:40,33.6,57.8,84.5
2024/08/07 22:45,33.4,58.0,84.2
2024/08/07 22:50,33.4,57.9,84.2
2024/08/07 22:55,33.4,58.2,84.3
2024/08/07 23:00,33.4,58.0,84.2
2024/08/07 23:05,33.4,57.9,84.2
2024/08/07 23:10,33.4,57.7,84.2
2024/08/07 23:15,33.3,57.8,84.1
2024/08/07 23:20,33.2,57.9,83.9
2024/08/07 23:25,33.2,58.0,84.0
2024/08/07 23:30,33.2,57.8,83.9
2024/08/07 23:35,33.2,57.8,83.9
2024/08/07 23:40,33.2,57.8,83.9
2024/08/07 23:45,33.1,57.9,83.8
2024/08/07 23:50,33.0,58.0,83.7
2024/08/07 23:55,33.0,57.9,83.7
2024/08/08 00:00,33.0,57.9,83.7
2024/08/08 00:05,32.9,57.9,83.5
2024/08/08 00:10,32.9,58.0,83.5
2024/08/08 00:15,32.9,57.9,83.5
2024/08/08 00:20,32.9,57.8,83.5
2024/08/08 00:25,32.9,57.7,83.5
2024/08/08 00:30,32.7,58.0,83.3
2024/08/08 00:35,32.8,57.9,83.4
2024/08/08 00:40,32.7,57.7,83.2
2024/08/08 00:45,32.7,57.9,83.3
2024/08/08 00:50,32.7,57.7,83.2
2024/08/08 00:55,32.6,57.7,83.1
2024/08/08 01:00,32.6,57.7,83.1
2024/08/08 01:05,32.6,57.7,83.1
2024/08/08 01:10,32.7,57.6,83.2
2024/08/08 01:15,32.5,57.5,82.9
2024/08/08 01:20,32.5,57.7,82.9
2024/08/08 01:25,32.5,57.6,82.9
2024/08/08 01:30,32.5,57.6,82.9
2024/08/08 01:35,32.4,57.6,82.8
2024/08/08 01:40,32.4,57.6,82.8
2024/08/08 01:45,32.3,57.6,82.6
2024/08/08 01:50,32.4,57.6,82.8
2024/08/08 01:55,32.3,57.6,82.6
2024/08/08 02:00,32.2,57.6,82.5
2024/08/08 02:05,32.1,57.8,82.4
2024/08/08 02:10,32.1,57.7,82.4
2024/08/08 02:15,32.1,57.7,82.4
2024/08/08 02:20,32.0,57.7,82.2
2024/08/08 02:25,32.2,57.8,82.5
2024/08/08 02:30,32.0,57.7,82.2
2024/08/08 02:35,32.0,57.6,82.2
2024/08/08 02:40,32.0,57.6,82.2
2024/08/08 02:45,32.0,57.5,82.2
2024/08/08 02:50,31.9,57.6,82.1
2024/08/08 02:55,32.1,57.6,82.4
2024/08/08 03:00,31.9,57.7,82.1
2024/08/08 03:05,31.7,58.0,81.9
2024/08/08 03:10,31.7,57.9,81.9
2024/08/08 03:15,31.7,57.7,81.8
2024/08/08 03:20,31.7,57.6,81.8
2024/08/08 03:25,31.9,57.5,82.1
2024/08/08 03:30,31.8,57.3,81.9
2024/08/08 03:35,31.7,57.5,81.8
2024/08/08 03:40,31.5,57.8,81.6
2024/08/08 03:45,31.5,57.7,81.6
2024/08/08 03:50,31.5,57.6,81.5
2024/08/08 03:55,31.7,57.5,81.8
2024/08/08 04:00,31.6,57.4,81.6
2024/08/08 04:05,31.5,57.3,81.5
2024/08/08 04:10,31.6,57.3,81.6
2024/08/08 04:15,31.5,57.3,81.5
2024/08/08 04:20,31.5,57.3,81.5
2024/08/08 04:25,31.4,57.6,81.4
2024/08/08 04:30,31.5,57.6,81.5
2024/08/08 04:35,31.4,57.5,81.4
2024/08/08 04:40,31.4,57.4,81.4
2024/08/08 04:45,31.3,57.5,81.2
2024/08/08 04:50,31.3,57.7,81.3
2024/08/08 04:55,31.3,57.6,81.3
2024/08/08 05:00,31.3,57.4,81.2
2024/08/08 05:05,31.2,57.5,81.1
2024/08/08 05:10,31.3,57.5,81.2
2024/08/08 05:15,31.2,57.5,81.1
2024/08/08 05:20,31.2,57.3,81.1
2024/08/08 05:25,31.3,57.4,81.2
2024/08/08 05:30,31.2,57.3,81.1
2024/08/08 05:35,31.1,57.4,81.0
2024/08/08 05:40,31.1,57.4,81.0
2024/08/08 05:45,31.1,57.5,81.0
2024/08/08 05:50,31.1,57.6,81.0
2024/08/08 05:55,31.1,57.3,80.9
2024/08/08 06:00,31.1,57.3,80.9
2024/08/08 06:05,31.1,57.1,80.9
2024/08/08 06:10,31.1,57.1,80.9
2024/08/08 06:15,31.0,57.2,80.8
2024/08/08 06:20,31.0,57.1,80.8
2024/08/08 06:25,31.0,57.1,80.8
2024/08/08 06:30,31.1,57.1,80.9
2024/08/08 06:35,31.0,57.0,80.8
2024/08/08 06:40,30.7,60.2,80.9
2024/08/08 06:45,29.2,66.4,79.7
2024/08/08 06:50,28.9,68.0,79.4
2024/08/08 06:55,28.7,68.7,79.2
2024/08/08 07:00,28.6,68.8,79.1
2024/08/08 07:05,28.7,68.9,79.3
2024/08/08 07:10,29.1,67.1,79.6
2024/08/08 07:15,29.5,66.0,80.0
2024/08/08 07:20,29.6,66.2,80.2
2024/08/08 07:25,29.2,67.8,79.9
2024/08/08 07:30,29.2,68.2,79.9
2024/08/08 07:35,29.3,68.3,80.1
2024/08/08 07:40,29.3,68.4,80.1
2024/08/08 07:45,29.3,67.1,79.9
2024/08/08 07:50,29.7,66.8,80.4
2024/08/08 07:55,29.6,67.5,80.4
2024/08/08 08:00,29.7,67.4,80.5
2024/08/08 08:05,29.9,67.2,80.8
2024/08/08 08:10,29.7,67.3,80.5
2024/08/08 08:15,29.8,67.6,80.7
2024/08/08 08:20,29.8,67.0,80.6
2024/08/08 08:25,29.9,67.1,80.8
2024/08/08 08:30,30.1,66.3,81.0
2024/08/08 08:35,30.2,66.8,81.2
2024/08/08 08:40,30.0,66.7,80.9
2024/08/08 08:45,30.0,66.0,80.8
2024/08/08 08:50,30.2,65.5,81.0
2024/08/08 08:55,30.3,65.1,81.1
2024/08/08 09:00,30.5,65.0,81.3
2024/08/08 09:05,30.5,65.0,81.3
2024/08/08 09:10,30.3,66.0,81.2
2024/08/08 09:15,30.3,66.0,81.2
2024/08/08 09:20,30.4,65.0,81.2
2024/08/08 09:25,30.7,64.8,81.6
2024/08/08 09:30,30.7,63.8,81.4
2024/08/08 09:35,31.0,63.9,81.9
2024/08/08 09:40,31.1,63.6,82.0
2024/08/08 09:45,31.2,63.1,82.0
2024/08/08 09:50,31.2,63.3,82.1
2024/08/08 09:55,31.3,62.8,82.1
2024/08/08 10:00,31.4,62.9,82.3
2024/08/08 10:05,31.5,62.2,82.3
2024/08/08 10:10,31.8,61.8,82.7
2024/08/08 10:15,31.8,61.5,82.6
2024/08/08 10:20,31.6,62.1,82.4
2024/08/08 10:25,31.7,62.0,82.6
2024/08/08 10:30,32.0,60.8,82.8
2024/08/08 10:35,32.1,61.7,83.1
2024/08/08 10:40,32.0,61.2,82.9
2024/08/08 10:45,31.9,61.6,82.8
2024/08/08 10:50,32.1,61.2,83.0
2024/08/08 10:55,32.1,61.0,83.0
2024/08/08 11:00,32.2,60.7,83.1
2024/08/08 11:05,32.4,60.6,83.3
2024/08/08 11:10,32.5,61.0,83.5
2024/08/08 11:15,32.4,60.4,83.3
2024/08/08 11:20,32.6,60.4,83.6
2024/08/08 11:25,32.8,59.4,83.7
2024/08/08 11:30,32.9,60.0,83.9
2024/08/08 11:35,32.7,59.8,83.6
2024/08/08 11:40,32.8,59.9,83.8
2024/08/08 11:45,32.8,59.6,83.7
2024/08/08 11:50,32.8,59.6,83.7
2024/08/08 11:55,32.7,59.9,83.6
2024/08/08 12:00,32.9,59.4,83.8
2024/08/08 12:05,32.9,58.8,83.7
2024/08/08 12:10,32.8,59.2,83.6
2024/08/08 12:15,32.9,59.2,83.8
2024/08/08 12:20,32.7,59.4,83.5
2024/08/08 12:25,32.8,59.5,83.7
2024/08/08 12:30,32.8,59.7,83.7
2024/08/08 12:35,32.9,59.4,83.8
2024/08/08 12:40,33.0,58.4,83.8
2024/08/08 12:45,33.1,57.7,83.8
2024/08/08 12:50,33.3,57.2,84.0
2024/08/08 12:55,33.3,56.8,83.9
2024/08/08 13:00,33.2,56.9,83.8
2024/08/08 13:05,33.3,57.1,83.9
2024/08/08 13:10,32.9,58.2,83.6
2024/08/08 13:15,32.9,58.3,83.6
2024/08/08 13:20,32.8,58.6,83.5
2024/08/08 13:25,33.0,58.2,83.7
2024/08/08 13:30,32.7,58.8,83.4
2024/08/08 13:35,33.0,57.8,83.6
2024/08/08 13:40,33.1,58.2,83.9
2024/08/08 13:45,33.1,58.3,83.9
2024/08/08 13:50,32.9,59.7,83.9
2024/08/08 13:55,33.2,59.3,84.2
2024/08/08 14:00,33.2,58.7,84.1
2024/08/08 14:05,33.1,58.8,84.0
2024/08/08 14:10,33.3,57.3,84.0
2024/08/08 14:15,33.7,55.9,84.3
2024/08/08 14:20,33.0,56.6,83.4
2024/08/08 14:25,33.2,57.3,83.8
2024/08/08 14:30,33.3,57.7,84.0
2024/08/08 14:35,33.4,57.6,84.2
2024/08/08 14:40,33.4,57.6,84.2
2024/08/08 14:45,33.2,57.4,83.9
2024/08/08 14:50,33.3,57.3,84.0
2024/08/08 14:55,33.7,56.6,84.4
2024/08/08 15:00,33.5,57.2,84.2
2024/08/08 15:05,33.5,57.2,84.2
2024/08/08 15:10,33.5,57.3,84.2
2024/08/08 15:15,33.5,57.7,84.3
2024/08/08 15:20,33.6,57.2,84.4
2024/08/08 15:25,33.5,57.4,84.3
2024/08/08 15:30,33.8,56.4,84.5
2024/08/08 15:35,34.1,55.5,84.7
2024/08/08 15:40,34.2,56.0,85.0
2024/08/08 15:45,34.0,55.6,84.6
2024/08/08 15:50,33.9,55.8,84.5
2024/08/08 15:55,34.2,55.1,84.8
2024/08/08 16:00,33.8,55.5,84.3
2024/08/08 16:05,34.0,55.1,84.5
2024/08/08 16:10,34.1,55.5,84.7
2024/08/08 16:15,33.6,55.7,84.1
2024/08/08 16:20,33.7,55.7,84.2
2024/08/08 16:25,33.8,55.9,84.4
2024/08/08 16:30,33.8,55.5,84.3
2024/08/08 16:35,33.6,56.9,84.3
2024/08/08 16:40,33.3,57.1,83.9
2024/08/08 16:45,33.2,57.4,83.9
2024/08/08 16:50,33.3,57.6,84.0
2024/08/08 16:55,33.5,57.1,84.2
2024/08/08 17:00,33.5,57.4,84.3
2024/08/08 17:05,32.9,58.1,83.6
2024/08/08 17:10,33.2,57.1,83.8
2024/08/08 17:15,33.0,57.5,83.6
2024/08/08 17:20,33.1,57.9,83.8
2024/08/08 17:25,33.6,56.5,84.2
2024/08/08 17:30,34.0,55.7,84.6
2024/08/08 17:35,34.1,56.3,84.9
2024/08/08 17:40,34.2,56.0,85.0
2024/08/08 17:45,34.1,55.5,84.7
2024/08/08 17:50,33.7,57.1,84.5
2024/08/08 17:55,33.5,57.8,84.3
2024/08/08 18:00,33.2,59.7,84.3
2024/08/08 18:05,33.0,59.8,84.0
2024/08/08 18:10,32.8,60.9,83.9
2024/08/08 18:15,32.9,59.9,83.9
2024/08/08 18:20,33.0,60.8,84.2
2024/08/08 18:25,32.7,62.5,84.1
2024/08/08 18:30,32.5,63.5,84.0
2024/08/08 18:35,32.8,63.5,84.4
2024/08/08 18:40,32.6,64.4,84.3
2024/08/08 18:45,32.1,66.1,83.9
2024/08/08 18:50,32.2,66.2,84.0
2024/08/08 18:55,32.1,66.2,83.9
2024/08/08 19:00,32.2,65.9,84.0
2024/08/08 19:05,32.1,66.5,83.9
2024/08/08 19:10,32.2,67.2,84.2
2024/08/08 19:15,32.2,66.6,84.1
2024/08/08 19:20,32.3,67.1,84.3
2024/08/08 19:25,32.2,68.3,84.4
2024/08/08 19:30,32.0,67.6,84.0
2024/08/08 19:35,32.0,67.4,83.9
2024/08/08 19:40,32.4,66.5,84.4
2024/08/08 19:45,32.6,66.3,84.6
2024/08/08 19:50,32.3,66.9,84.3
2024/08/08 19:55,32.3,67.1,84.3
2024/08/08 20:00,32.0,68.2,84.1
2024/08/08 20:05,32.1,69.6,84.5
2024/08/08 20:10,31.5,70.1,83.7
2024/08/08 20:15,31.6,69.2,83.6
2024/08/08 20:20,31.9,68.6,84.0
2024/08/08 20:25,32.3,67.0,84.3
2024/08/08 20:30,32.3,66.0,84.1
2024/08/08 20:35,32.0,66.8,83.8
2024/08/08 20:40,32.4,65.2,84.1
2024/08/08 20:45,32.4,65.5,84.2
2024/08/08 20:50,32.5,65.4,84.3
2024/08/08 20:55,32.7,64.3,84.4
2024/08/08 21:00,32.9,63.1,84.5
2024/08/08 21:05,32.8,63.5,84.4
2024/08/08 21:10,32.8,63.6,84.4
2024/08/08 21:15,32.9,64.8,84.8
2024/08/08 21:20,32.2,67.3,84.2
2024/08/08 21:25,32.2,68.5,84.4
2024/08/08 21:30,32.0,68.6,84.1
2024/08/08 21:35,32.1,67.8,84.2
2024/08/08 21:40,32.2,67.0,84.2
2024/08/08 21:45,31.5,69.9,83.6
2024/08/08 21:50,31.4,70.4,83.6
2024/08/08 21:55,31.2,70.0,83.2
2024/08/08 22:00,31.0,70.5,83.0
2024/08/08 22:05,30.9,70.1,82.7
2024/08/08 22:10,30.9,69.7,82.7
2024/08/08 22:15,30.9,69.4,82.6
2024/08/08 22:20,30.8,69.5,82.5
2024/08/08 22:25,30.7,69.7,82.4
2024/08/08 22:30,30.8,70.3,82.6
2024/08/08 22:35,30.4,70.7,82.1
2024/08/08 22:40,30.4,70.1,82.0
2024/08/08 22:45,30.4,70.5,82.1
2024/08/08 22:50,30.4,70.5,82.1
2024/08/08 22:55,30.7,69.3,82.3
2024/08/08 23:00,30.8,68.1,82.3
2024/08/08 23:05,30.4,70.1,82.0
2024/08/08 23:10,30.4,69.8,81.9
2024/08/08 23:15,30.2,70.7,81.8
2024/08/08 23:20,30.3,70.7,81.9
2024/08/08 23:25,30.0,70.9,81.5
2024/08/08 23:30,30.0,70.5,81.5
2024/08/08 23:35,29.9,70.0,81.2
2024/08/08 23:40,29.8,69.5,81.0
2024/08/08 23:45,29.6,69.8,80.7
2024/08/08 23:50,29.7,70.2,81.0
2024/08/08 23:55,29.7,70.4,81.0
2024/08/09 00:00,29.6,71.3,81.0
2024/08/09 00:05,29.7,70.6,81.0
2024/08/09 00:10,29.8,69.1,80.9
2024/08/09 00:15,29.8,68.1,80.8
2024/08/09 00:20,30.1,67.6,81.2
2024/08/09 00:25,29.8,68.1,80.8
2024/08/09 00:30,29.5,68.9,80.5
2024/08/09 00:35,29.6,68.8,80.6
2024/08/09 00:40,29.4,68.7,80.3
2024/08/09 00:45,29.3,69.0,80.2
2024/08/09 00:50,29.3,68.8,80.2
2024/08/09 00:55,29.3,69.0,80.2
2024/08/09 01:00,29.0,69.7,79.8
2024/08/09 01:05,28.9,69.7,79.7
2024/08/09 01:10,28.9,69.4,79.6
2024/08/09 01:15,28.9,70.4,79.8
2024/08/09 01:20,29.0,70.8,80.0
2024/08/09 01:25,28.9,71.6,80.0
2024/08/09 01:30,29.1,70.7,80.1
2024/08/09 01:35,29.1,69.4,79.9
2024/08/09 01:40,29.3,68.3,80.1
2024/08/09 01:45,29.7,69.7,80.9
2024/08/09 01:50,29.0,69.2,79.8
2024/08/09 01:55,29.1,68.6,79.8
2024/08/09 02:00,28.9,68.8,79.6
2024/08/09 02:05,28.8,69.1,79.4
2024/08/09 02:10,28.6,72.5,79.6
2024/08/09 02:15,28.6,71.4,79.5
2024/08/09 02:20,28.9,69.6,79.7
2024/08/09 02:25,28.9,70.1,79.7
2024/08/09 02:30,28.6,69.9,79.3
2024/08/09 02:35,28.5,69.9,79.1
2024/08/09 02:40,28.2,71.1,78.8
2024/08/09 02:45,28.2,71.2,78.8
2024/08/09 02:50,28.3,70.4,78.9
2024/08/09 02:55,28.4,71.0,79.1
2024/08/09 03:00,28.3,71.9,79.1
2024/08/09 03:05,28.0,72.3,78.7
2024/08/09 03:10,28.1,72.7,78.9
2024/08/09 03:15,28.3,72.6,79.2
2024/08/09 03:20,28.2,73.3,79.1
2024/08/09 03:25,28.2,74.1,79.2
2024/08/09 03:30,28.1,74.4,79.1
2024/08/09 03:35,28.3,73.4,79.3
2024/08/09 03:40,28.2,71.8,78.9
2024/08/09 03:45,28.3,70.8,78.9
2024/08/09 03:50,28.3,70.6,78.9
2024/08/09 03:55,28.2,70.4,78.7
2024/08/09 04:00,28.0,72.0,78.6
2024/08/09 04:05,28.1,72.1,78.8
2024/08/09 04:10,28.2,72.1,79.0
2024/08/09 04:15,28.4,70.5,79.0
2024/08/09 04:20,28.3,70.5,78.9
2024/08/09 04:25,28.4,71.6,79.2
2024/08/09 04:30,28.3,73.2,79.3
2024/08/09 04:35,28.2,73.8,79.2
2024/08/09 04:40,28.2,73.7,79.2
2024/08/09 04:45,28.7,71.1,79.6
2024/08/09 04:50,28.7,70.2,79.5
2024/08/09 04:55,28.7,71.1,79.6
2024/08/09 05:00,28.1,71.7,78.8
2024/08/09 05:05,28.1,73.0,78.9
2024/08/09 05:10,28.0,74.1,78.9
2024/08/09 05:15,28.1,73.9,79.1
2024/08/09 05:20,27.9,74.8,78.9
2024/08/09 05:25,27.9,75.1,78.9
2024/08/09 05:30,28.0,74.9,79.0
2024/08/09 05:35,28.1,75.2,79.2
2024/08/09 05:40,28.0,75.4,79.1
2024/08/09 05:45,28.0,75.2,79.1
2024/08/09 05:50,28.1,75.1,79.2
2024/08/09 05:55,28.1,74.7,79.2
2024/08/09 06:00,28.1,72.3,78.8
2024/08/09 06:05,28.1,72.4,78.8
2024/08/09 06:10,28.2,73.7,79.2
2024/08/09 06:15,28.1,73.5,79.0
2024/08/09 06:20,28.2,73.3,79.1
2024/08/09 06:25,28.3,72.9,79.2
2024/08/09 06:30,28.3,72.4,79.2
2024/08/09 06:35,28.5,71.4,79.3
2024/08/09 06:40,28.6,71.0,79.4
2024/08/09 06:45,28.8,70.2,79.6
2024/08/09 06:50,28.8,70.6,79.7
2024/08/09 06:55,29.1,69.5,80.0
2024/08/09 07:00,29.0,70.0,79.9
2024/08/09 07:05,28.8,71.6,79.8
2024/08/09 07:10,28.9,71.4,79.9
2024/08/09 07:15,29.1,70.7,80.1
2024/08/09 07:20,29.3,69.5,80.3
2024/08/09 07:25,29.3,70.0,80.3
2024/08/09 07:30,29.3,68.8,80.2
2024/08/09 07:35,29.6,69.0,80.6
2024/08/09 07:40,29.7,67.9,80.6
2024/08/09 07:45,29.8,67.9,80.8
2024/08/09 07:50,29.7,69.7,80.9
2024/08/09 07:55,29.8,70.8,81.2
2024/08/09 08:00,29.5,70.7,80.7
2024/08/09 08:05,29.8,70.1,81.1
2024/08/09 08:10,30.0,68.9,81.2
2024/08/09 08:15,30.0,68.7,81.2
2024/08/09 08:20,30.0,68.5,81.1
2024/08/09 08:25,29.9,68.7,81.0
2024/08/09 08:30,30.1,67.8,81.2
2024/08/09 08:35,30.1,67.0,81.1
2024/08/09 08:40,30.4,66.8,81.5
2024/08/09 08:45,30.6,66.1,81.7
2024/08/09 08:50,30.7,65.7,81.7
2024/08/09 08:55,30.8,65.1,81.8
2024/08/09 09:00,30.9,64.5,81.8
2024/08/09 09:05,31.0,64.1,81.9
2024/08/09 09:10,31.1,63.9,82.0
2024/08/09 09:15,31.2,64.2,82.2
2024/08/09 09:20,31.2,63.4,82.1
2024/08/09 09:25,31.4,63.1,82.3
2024/08/09 09:30,31.4,62.6,82.2
2024/08/09 09:35,31.5,62.4,82.4
2024/08/09 09:40,31.6,62.3,82.5
2024/08/09 09:45,31.8,61.6,82.6
2024/08/09 09:50,31.9,61.0,82.7
2024/08/09 09:55,32.1,61.1,83.0
2024/08/09 10:00,32.1,61.5,83.1
2024/08/09 10:05,32.4,61.5,83.5
2024/08/09 10:10,32.2,61.8,83.2
2024/08/09 10:15,32.1,62.1,83.2
2024/08/09 10:20,32.2,61.9,83.3
2024/08/09 10:25,32.3,61.6,83.4
2024/08/09 10:30,32.4,61.3,83.4
2024/08/09 10:35,32.7,61.1,83.8
2024/08/09 10:40,32.7,60.5,83.7
2024/08/09 10:45,32.8,60.1,83.8
2024/08/09 10:50,32.9,60.4,84.0
2024/08/09 10:55,33.0,59.0,83.9
2024/08/09 11:00,33.2,56.9,83.8
2024/08/09 11:05,33.0,58.4,83.8
2024/08/09 11:10,32.9,57.2,83.4
2024/08/09 11:15,33.5,55.5,83.9
2024/08/09 11:20,33.5,55.1,83.8
2024/08/09 11:25,33.5,54.6,83.7
2024/08/09 11:30,33.6,55.4,84.0
2024/08/09 11:35,33.6,55.7,84.1
2024/08/09 11:40,33.6,54.5,83.9
2024/08/09 11:45,33.9,53.2,84.0
2024/08/09 11:50,33.8,54.7,84.2
2024/08/09 11:55,33.7,55.3,84.1
2024/08/09 12:00,33.4,56.0,83.9
2024/08/09 12:05,33.5,56.1,84.0
2024/08/09 12:10,34.2,54.2,84.6
2024/08/09 12:15,34.0,55.4,84.6
2024/08/09 12:20,34.4,53.6,84.8
2024/08/09 12:25,34.5,52.2,84.6
2024/08/09 12:30,34.3,53.5,84.6
2024/08/09 12:35,34.6,52.7,84.8
2024/08/09 12:40,34.4,52.3,84.5
2024/08/09 12:45,34.5,51.6,84.5
2024/08/09 12:50,34.7,51.5,84.7
2024/08/09 12:55,34.6,51.7,84.6
2024/08/09 13:00,34.9,50.8,84.9
2024/08/09 13:05,34.9,50.6,84.8
2024/08/09 13:10,34.8,50.4,84.6
2024/08/09 13:15,34.8,50.3,84.6
2024/08/09 13:20,34.7,50.3,84.5
2024/08/09 13:25,34.9,50.5,84.8
2024/08/09 13:30,35.0,49.4,84.7
2024/08/09 13:35,35.1,50.3,85.0
2024/08/09 13:40,34.9,50.2,84.7
2024/08/09 13:45,34.5,52.3,84.6
2024/08/09 13:50,35.0,51.9,85.2
2024/08/09 13:55,34.4,54.8,85.0
2024/08/09 14:00,34.5,54.9,85.1
2024/08/09 14:05,34.8,54.8,85.5
2024/08/09 14:10,34.4,56.7,85.4
2024/08/09 14:15,34.3,56.6,85.2
2024/08/09 14:20,34.3,55.9,85.1
2024/08/09 14:25,34.4,56.6,85.3
2024/08/09 14:30,33.6,59.1,84.7
2024/08/09 14:35,33.9,58.9,85.1
2024/08/09 14:40,33.9,58.5,85.0
2024/08/09 14:45,33.5,59.4,84.6
2024/08/09 14:50,34.2,57.9,85.3
2024/08/09 14:55,34.2,56.2,85.0
2024/08/09 15:00,34.0,57.0,84.9
2024/08/09 15:05,34.1,57.2,85.1
2024/08/09 15:10,33.9,57.2,84.8
2024/08/09 15:15,33.2,59.5,84.2
2024/08/09 15:20,33.8,56.7,84.5
2024/08/09 15:25,33.9,57.0,84.7
2024/08/09 15:30,33.7,58.0,84.7
2024/08/09 15:35,33.7,58.3,84.7
2024/08/09 15:40,33.6,58.9,84.7
2024/08/09 15:45,33.3,60.0,84.5
2024/08/09 15:50,33.4,59.7,84.6
2024/08/09 15:55,33.2,60.0,84.3
2024/08/09 16:00,33.6,58.0,84.5
2024/08/09 16:05,33.7,57.4,84.5
2024/08/09 16:10,33.5,58.7,84.5
2024/08/09 16:15,33.8,58.7,84.9
2024/08/09 16:20,33.7,57.7,84.6
2024/08/09 16:25,33.7,58.5,84.7
2024/08/09 16:30,33.9,58.5,85.0
2024/08/09 16:35,34.4,57.5,85.5
2024/08/09 16:40,34.6,57.2,85.7
2024/08/09 16:45,34.6,57.1,85.7
2024/08/09 16:50,34.6,57.1,85.7
2024/08/09 16:55,34.6,57.2,85.7
2024/08/09 17:00,34.2,58.5,85.4
2024/08/09 17:05,34.2,59.1,85.6
2024/08/09 17:10,34.3,58.5,85.6
2024/08/09 17:15,34.4,58.7,85.8
2024/08/09 17:20,34.1,59.5,85.5
2024/08/09 17:25,34.1,59.7,85.5
2024/08/09 17:30,34.1,59.6,85.5
2024/08/09 17:35,34.2,59.4,85.6
2024/08/09 17:40,34.3,59.7,85.8
2024/08/09 17:45,34.0,60.0,85.5
2024/08/09 17:50,34.1,59.9,85.6
2024/08/09 17:55,33.9,60.3,85.4
2024/08/09 18:00,33.0,63.1,84.6
2024/08/09 18:05,32.0,66.6,83.8
2024/08/09 18:10,31.8,66.3,83.4
2024/08/09 18:15,31.8,64.8,83.2
2024/08/09 18:20,31.3,68.1,83.0
2024/08/09 18:25,31.3,68.3,83.1
2024/08/09 18:30,31.4,70.7,83.6
2024/08/09 18:35,30.7,70.0,82.4
2024/08/09 18:40,30.8,70.4,82.6
2024/08/09 18:45,30.6,70.1,82.3
2024/08/09 18:50,30.7,69.4,82.3
2024/08/09 18:55,30.6,69.8,82.2
2024/08/09 19:00,30.5,70.6,82.2
2024/08/09 19:05,30.3,71.2,82.0
2024/08/09 19:10,30.4,71.7,82.2
2024/08/09 19:15,30.5,70.8,82.3
2024/08/09 19:20,30.4,71.0,82.1
2024/08/09 19:25,30.6,70.4,82.3
2024/08/09 19:30,30.5,70.4,82.2
2024/08/09 19:35,30.6,71.2,82.5
2024/08/09 19:40,30.3,71.5,82.1
2024/08/09 19:45,30.3,71.7,82.1
2024/08/09 19:50,29.7,72.9,81.4
2024/08/09 19:55,30.4,70.8,82.1
2024/08/09 20:00,31.0,68.5,82.6
2024/08/09 20:05,31.0,68.4,82.6
2024/08/09 20:10,30.7,69.2,82.3
2024/08/09 20:15,30.6,69.0,82.1
2024/08/09 20:20,30.3,70.6,81.9
2024/08/09 20:25,30.4,71.9,82.3
2024/08/09 20:30,30.3,72.9,82.3
2024/08/09 20:35,30.0,72.9,81.8
2024/08/09 20:40,29.9,72.8,81.7
2024/08/09 20:45,29.7,73.1,81.4
2024/08/09 20:50,29.8,72.4,81.4
2024/08/09 20:55,29.8,72.5,81.5
2024/08/09 21:00,29.7,72.7,81.3
2024/08/09 21:05,29.6,73.0,81.2
2024/08/09 21:10,29.7,72.9,81.4
2024/08/09 21:15,29.6,73.2,81.3
2024/08/09 21:20,29.7,73.1,81.4
2024/08/09 21:25,29.7,73.2,81.4
2024/08/09 21:30,29.7,74.6,81.6
2024/08/09 21:35,30.2,72.0,82.0
2024/08/09 21:40,30.8,69.0,82.4
2024/08/09 21:45,31.1,67.6,82.6
2024/08/09 21:50,31.2,66.8,82.7
2024/08/09 21:55,31.2,66.4,82.6
2024/08/09 22:00,31.3,66.1,82.7
2024/08/09 22:05,31.3,65.5,82.6
2024/08/09 22:10,31.4,65.1,82.7
2024/08/09 22:15,31.4,64.9,82.6
2024/08/09 22:20,31.4,64.7,82.6
2024/08/09 22:25,31.4,64.4,82.5
2024/08/09 22:30,31.4,64.1,82.5
2024/08/09 22:35,31.5,64.0,82.6
2024/08/09 22:40,31.5,64.1,82.6
2024/08/09 22:45,31.4,64.3,82.5
2024/08/09 22:50,31.0,65.9,82.2
2024/08/09 22:55,31.0,65.6,82.2
2024/08/09 23:00,31.2,64.7,82.3
2024/08/09 23:05,31.3,64.2,82.4
2024/08/09 23:10,31.4,63.9,82.5
2024/08/09 23:15,31.4,63.7,82.4
2024/08/09 23:20,31.4,63.6,82.4
2024/08/09 23:25,31.4,63.6,82.4
2024/08/09 23:30,31.5,63.9,82.6
2024/08/09 23:35,31.3,63.6,82.3
2024/08/09 23:40,31.3,63.6,82.3
2024/08/09 23:45,31.2,63.7,82.1
2024/08/09 23:50,31.1,64.6,82.1
2024/08/09 23:55,31.0,64.6,82.0
2024/08/10 00:00,31.1,64.1,82.1
2024/08/10 00:05,31.1,63.6,82.0
2024/08/10 00:10,31.2,63.8,82.2
2024/08/10 00:15,31.2,63.3,82.1
2024/08/10 00:20,31.2,63.8,82.2
2024/08/10 00:25,30.9,65.1,81.9
2024/08/10 00:30,30.8,65.2,81.8
2024/08/10 00:35,30.9,64.5,81.8
2024/08/10 00:40,31.0,64.2,81.9
2024/08/10 00:45,30.9,65.3,82.0
2024/08/10 00:50,30.8,65.1,81.8
2024/08/10 00:55,31.0,64.0,81.9
2024/08/10 01:00,31.0,64.4,82.0
2024/08/10 01:05,30.7,65.2,81.7
2024/08/10 01:10,30.8,65.1,81.8
2024/08/10 01:15,30.7,65.2,81.7
2024/08/10 01:20,30.9,64.1,81.8
2024/08/10 01:25,31.0,63.4,81.8
2024/08/10 01:30,31.0,63.1,81.8
2024/08/10 01:35,31.0,62.9,81.7
2024/08/10 01:40,31.1,62.8,81.8
2024/08/10 01:45,31.1,63.3,81.9
2024/08/10 01:50,31.0,62.9,81.7
2024/08/10 01:55,30.9,62.6,81.5
2024/08/10 02:00,31.0,62.5,81.7
2024/08/10 02:05,31.0,62.4,81.6
2024/08/10 02:10,31.0,62.4,81.6
2024/08/10 02:15,31.0,62.3,81.6
2024/08/10 02:20,30.9,62.9,81.6
2024/08/10 02:25,30.9,62.8,81.6
2024/08/10 02:30,30.8,62.9,81.4
2024/08/10 02:35,30.8,62.8,81.4
2024/08/10 02:40,30.8,62.8,81.4
2024/08/10 02:45,30.7,63.0,81.3
2024/08/10 02:50,30.8,64.1,81.6
2024/08/10 02:55,30.6,64.8,81.5
2024/08/10 03:00,30.7,64.3,81.5
2024/08/10 03:05,30.5,64.2,81.2
2024/08/10 03:10,30.6,63.5,81.2
2024/08/10 03:15,30.7,63.1,81.3
2024/08/10 03:20,30.6,64.3,81.4
2024/08/10 03:25,30.6,63.7,81.3
2024/08/10 03:30,30.6,63.2,81.2
2024/08/10 03:35,30.6,63.3,81.2
2024/08/10 03:40,30.5,64.5,81.3
2024/08/10 03:45,30.3,64.6,81.0
2024/08/10 03:50,30.4,64.6,81.1
2024/08/10 03:55,30.5,64.1,81.2
2024/08/10 04:00,30.6,63.5,81.2
2024/08/10 04:05,30.5,63.4,81.1
2024/08/10 04:10,30.6,63.1,81.2
2024/08/10 04:15,30.4,64.7,81.1
2024/08/10 04:20,30.4,64.0,81.0
2024/08/10 04:25,30.5,63.5,81.1
2024/08/10 04:30,30.5,63.1,81.0
2024/08/10 04:35,30.4,64.5,81.1
2024/08/10 04:40,30.4,65.2,81.2
2024/08/10 04:45,30.3,65.1,81.1
2024/08/10 04:50,30.3,64.1,80.9
2024/08/10 04:55,30.3,63.8,80.9
2024/08/10 05:00,30.4,63.8,81.0
2024/08/10 05:05,30.3,63.5,80.8
2024/08/10 05:10,30.3,63.5,80.8
2024/08/10 05:15,30.3,63.4,80.8
2024/08/10 05:20,30.3,63.4,80.8
2024/08/10 05:25,30.3,63.2,80.8
2024/08/10 05:30,30.3,63.9,80.9
2024/08/10 05:35,30.2,63.5,80.7
2024/08/10 05:40,30.2,63.4,80.7
2024/08/10 05:45,30.3,63.1,80.7
2024/08/10 05:50,30.4,63.6,81.0
2024/08/10 05:55,30.1,64.8,80.7
2024/08/10 06:00,30.2,63.6,80.7
2024/08/10 06:05,30.3,65.5,81.1
2024/08/10 06:10,30.2,64.3,80.8
2024/08/10 06:15,30.3,64.1,80.9
2024/08/10 06:20,30.4,64.1,81.0
2024/08/10 06:25,30.4,63.8,81.0
2024/08/10 06:30,30.4,63.6,81.0
2024/08/10 06:35,30.4,63.5,81.0
2024/08/10 06:40,30.5,63.3,81.1
2024/08/10 06:45,30.5,63.3,81.1
2024/08/10 06:50,30.4,63.1,80.9
2024/08/10 06:55,30.5,63.0,81.0
2024/08/10 07:00,30.5,63.0,81.0
2024/08/10 07:05,30.3,63.6,80.8
2024/08/10 07:10,30.4,63.7,81.0
2024/08/10 07:15,30.5,63.9,81.2
2024/08/10 07:20,30.5,63.5,81.1
2024/08/10 07:25,30.5,63.5,81.1
2024/08/10 07:30,30.6,63.4,81.2
2024/08/10 07:35,30.5,63.6,81.1
2024/08/10 07:40,30.6,63.2,81.2
2024/08/10 07:45,30.6,63.4,81.2
2024/08/10 07:50,30.6,63.4,81.2
2024/08/10 07:55,30.7,63.6,81.4
2024/08/10 08:00,30.6,63.8,81.3
2024/08/10 08:05,30.6,63.8,81.3
2024/08/10 08:10,30.7,63.8,81.4
2024/08/10 08:15,30.7,63.6,81.4
2024/08/10 08:20,30.7,64.0,81.5
2024/08/10 08:25,30.7,63.8,81.4
2024/08/10 08:30,30.9,63.9,81.7
2024/08/10 08:35,30.8,63.7,81.6
2024/08/10 08:40,30.9,63.4,81.7
2024/08/10 08:45,30.9,63.3,81.6
2024/08/10 08:50,31.0,63.2,81.8
2024/08/10 08:55,31.1,63.0,81.9
2024/08/10 09:00,31.1,62.8,81.8
2024/08/10 09:05,31.1,62.6,81.8
2024/08/10 09:10,31.2,62.6,82.0
2024/08/10 09:15,31.2,62.6,82.0
2024/08/10 09:20,31.3,62.5,82.1
2024/08/10 09:25,31.3,62.4,82.1
2024/08/10 09:30,31.3,62.4,82.1
2024/08/10 09:35,31.4,62.3,82.2
2024/08/10 09:40,31.5,61.9,82.3
2024/08/10 09:45,31.5,61.8,82.2
2024/08/10 09:50,31.5,61.7,82.2
2024/08/10 09:55,31.6,61.5,82.3
2024/08/10 10:00,31.6,61.3,82.3
2024/08/10 10:05,31.7,61.2,82.4
2024/08/10 10:10,31.7,60.8,82.4
2024/08/10 10:15,31.7,60.5,82.3
2024/08/10 10:20,31.8,60.4,82.4
2024/08/10 10:25,31.8,60.3,82.4
2024/08/10 10:30,31.9,60.2,82.5
2024/08/10 10:35,32.0,60.4,82.7
2024/08/10 10:40,32.0,60.3,82.7
2024/08/10 10:45,32.1,60.3,82.8
2024/08/10 10:50,32.1,60.3,82.8
2024/08/10 10:55,32.2,60.3,83.0
2024/08/10 11:00,32.2,60.4,83.0
2024/08/10 11:05,32.3,60.5,83.2
2024/08/10 11:10,32.4,60.6,83.3
2024/08/10 11:15,32.5,60.5,83.4
2024/08/10 11:20,32.5,60.5,83.4
2024/08/10 11:25,32.6,60.6,83.6
2024/08/10 11:30,32.6,60.6,83.6
2024/08/10 11:35,32.7,60.7,83.8
2024/08/10 11:40,32.8,60.7,83.9
2024/08/10 11:45,32.9,60.6,84.0
2024/08/10 11:50,33.0,60.6,84.2
2024/08/10 11:55,33.1,60.7,84.3
2024/08/10 12:00,33.2,60.7,84.5
2024/08/10 12:05,33.2,60.7,84.5
2024/08/10 12:10,33.3,60.7,84.6
2024/08/10 12:15,33.3,60.8,84.6
2024/08/10 12:20,33.4,60.8,84.8
2024/08/10 12:25,33.4,60.8,84.8
2024/08/10 12:30,33.5,60.8,84.9
2024/08/10 12:35,33.6,60.9,85.1
2024/08/10 12:40,33.7,60.7,85.2
2024/08/10 12:45,33.7,60.8,85.2
2024/08/10 12:50,33.7,60.8,85.2
2024/08/10 12:55,33.8,60.8,85.3
2024/08/10 13:00,33.9,60.8,85.5
2024/08/10 13:05,34.0,60.8,85.6
2024/08/10 13:10,34.0,60.8,85.6
2024/08/10 13:15,34.1,60.8,85.8
2024/08/10 13:20,34.2,60.8,85.9
2024/08/10 13:25,34.3,60.7,86.0
2024/08/10 13:30,34.3,60.7,86.0
2024/08/10 13:35,34.4,60.6,86.1
2024/08/10 13:40,34.5,60.5,86.3
2024/08/10 13:45,34.5,60.2,86.2
2024/08/10 13:50,34.6,60.3,86.4
2024/08/10 13:55,34.7,60.3,86.5
2024/08/10 14:00,34.7,60.3,86.5
2024/08/10 14:05,34.8,60.1,86.6
2024/08/10 14:10,34.9,60.0,86.7
2024/08/10 14:15,34.9,60.0,86.7
2024/08/10 14:20,35.0,59.9,86.8
2024/08/10 14:25,34.9,59.9,86.7
2024/08/10 14:30,35.0,60.0,86.9
2024/08/10 14:35,35.0,59.7,86.8
2024/08/10 14:40,35.0,59.4,86.7
2024/08/10 14:45,35.0,59.2,86.7
2024/08/10 14:50,35.1,59.1,86.8
2024/08/10 14:55,35.1,58.9,86.8
2024/08/10 15:00,35.1,58.6,86.7
2024/08/10 15:05,35.1,58.5,86.7
2024/08/10 15:10,35.2,58.3,86.8
2024/08/10 15:15,35.3,58.1,86.9
2024/08/10 15:20,35.4,58.1,87.0
2024/08/10 15:25,35.4,58.2,87.0
2024/08/10 15:30,35.3,58.3,86.9
2024/08/10 15:35,35.3,58.2,86.9
2024/08/10 15:40,35.3,58.1,86.9
2024/08/10 15:45,35.3,58.0,86.9
2024/08/10 15:50,35.3,57.9,86.8
2024/08/10 15:55,35.3,57.9,86.8
2024/08/10 16:00,35.3,57.4,86.7
2024/08/10 16:05,35.3,57.4,86.7
2024/08/10 16:10,35.2,57.1,86.5
2024/08/10 16:15,35.3,56.9,86.6
2024/08/10 16:20,35.3,57.0,86.7
2024/08/10 16:25,35.2,57.2,86.6
2024/08/10 16:30,35.2,57.3,86.6
2024/08/10 16:35,35.2,57.5,86.6
2024/08/10 16:40,35.3,57.4,86.7
2024/08/10 16:45,35.3,57.4,86.7
2024/08/10 16:50,35.2,57.6,86.6
2024/08/10 16:55,35.3,57.4,86.7
2024/08/10 17:00,35.4,57.2,86.8
2024/08/10 17:05,35.5,57.2,87.0
2024/08/10 17:10,35.5,57.3,87.0
2024/08/10 17:15,35.6,57.1,87.1
2024/08/10 17:20,35.6,57.2,87.1
2024/08/10 17:25,35.6,57.4,87.2
2024/08/10 17:30,35.5,57.4,87.0
2024/08/10 17:35,35.5,57.5,87.0
2024/08/10 17:40,35.5,57.6,87.1
2024/08/10 17:45,35.5,57.7,87.1
2024/08/10 17:50,35.4,57.7,86.9
2024/08/10 17:55,35.5,57.7,87.1
2024/08/10 18:00,35.5,58.0,87.1
2024/08/10 18:05,35.4,58.0,87.0
2024/08/10 18:10,35.4,58.1,87.0
2024/08/10 18:15,35.3,58.1,86.9
2024/08/10 18:20,35.4,58.0,87.0
2024/08/10 18:25,35.3,57.8,86.8
2024/08/10 18:30,35.1,56.7,86.3
2024/08/10 18:35,34.9,56.6,86.0
2024/08/10 18:40,35.0,56.5,86.1
2024/08/10 18:45,34.9,56.5,86.0
2024/08/10 18:50,34.7,56.5,85.7
2024/08/10 18:55,34.7,56.6,85.8
2024/08/10 19:00,34.7,57.0,85.8
2024/08/10 19:05,34.8,57.0,86.0
2024/08/10 19:10,34.5,57.1,85.6
2024/08/10 19:15,34.4,57.3,85.5
2024/08/10 19:20,34.2,57.6,85.3
2024/08/10 19:25,34.3,57.6,85.4
2024/08/10 19:30,34.3,57.6,85.4
2024/08/10 19:35,34.1,57.8,85.2
2024/08/10 19:40,34.0,58.1,85.1
2024/08/10 19:45,34.1,58.1,85.2
2024/08/10 19:50,33.9,58.2,85.0
2024/08/10 19:55,33.9,58.3,85.0
2024/08/10 20:00,34.0,58.1,85.1
2024/08/10 20:05,34.0,58.1,85.1
2024/08/10 20:10,33.9,58.1,84.9
2024/08/10 20:15,33.8,58.5,84.9
2024/08/10 20:20,33.7,58.6,84.8
2024/08/10 20:25,33.7,58.8,84.8
2024/08/10 20:30,33.7,58.4,84.7
2024/08/10 20:35,33.7,58.4,84.7
2024/08/10 20:40,33.6,58.3,84.6
2024/08/10 20:45,33.5,58.5,84.5
2024/08/10 20:50,33.5,58.8,84.5
2024/08/10 20:55,33.4,59.1,84.4
2024/08/10 21:00,33.4,58.9,84.4
2024/08/10 21:05,33.4,58.9,84.4
2024/08/10 21:10,33.5,58.8,84.5
2024/08/10 21:15,33.5,58.7,84.5
2024/08/10 21:20,33.6,58.7,84.6
2024/08/10 21:25,33.4,58.8,84.4
2024/08/10 21:30,33.3,59.2,84.3
2024/08/10 21:35,33.3,59.3,84.3
2024/08/10 21:40,33.2,59.4,84.2
2024/08/10 21:45,33.2,59.6,84.3
2024/08/10 21:50,33.1,60.0,84.2
2024/08/10 21:55,33.0,60.4,84.1
2024/08/10 22:00,33.0,60.3,84.1
2024/08/10 22:05,33.1,60.1,84.2
2024/08/10 22:10,33.0,60.1,84.1
2024/08/10 22:15,33.1,60.2,84.2
2024/08/10 22:20,33.0,60.1,84.1
2024/08/10 22:25,32.9,60.6,84.0
2024/08/10 22:30,32.9,60.8,84.1
2024/08/10 22:35,32.8,61.0,84.0
2024/08/10 22:40,32.8,61.0,84.0
2024/08/10 22:45,32.8,60.9,83.9
2024/08/10 22:50,32.8,60.9,83.9
2024/08/10 22:55,32.8,60.7,83.9
2024/08/10 23:00,32.7,60.9,83.8
2024/08/10 23:05,32.7,61.1,83.8
2024/08/10 23:10,32.8,60.7,83.9
2024/08/10 23:15,32.7,60.8,83.8
2024/08/10 23:20,32.6,61.0,83.7
2024/08/10 23:25,32.6,61.2,83.7
2024/08/10 23:30,32.5,61.3,83.6
2024/08/10 23:35,32.5,61.7,83.7
2024/08/10 23:40,32.4,61.8,83.5
2024/08/10 23:45,32.5,61.5,83.6
2024/08/10 23:50,32.4,61.9,83.5
2024/08/10 23:55,32.4,61.7,83.5
2024/08/11 00:00,32.4,61.4,83.5
2024/08/11 00:05,32.4,61.3,83.4
2024/08/11 00:10,32.4,60.9,83.4
2024/08/11 00:15,32.3,61.2,83.3
2024/08/11 00:20,32.2,61.2,83.1
2024/08/11 00:25,32.2,61.1,83.1
2024/08/11 00:30,32.3,61.3,83.3
2024/08/11 00:35,32.1,61.9,83.1
2024/08/11 00:40,32.1,62.0,83.1
2024/08/11 00:45,32.1,61.8,83.1
2024/08/11 00:50,32.1,61.8,83.1
2024/08/11 00:55,32.1,61.7,83.1
2024/08/11 01:00,32.0,61.9,83.0
2024/08/11 01:05,32.0,61.9,83.0
2024/08/11 01:10,32.0,61.6,82.9
2024/08/11 01:15,31.9,61.7,82.8
2024/08/11 01:20,31.8,62.0,82.7
2024/08/11 01:25,31.9,61.9,82.8
2024/08/11 01:30,31.8,61.7,82.7
2024/08/11 01:35,31.6,62.2,82.5
2024/08/11 01:40,31.7,62.0,82.6
2024/08/11 01:45,31.8,61.5,82.6
2024/08/11 01:50,31.9,61.2,82.7
2024/08/11 01:55,32.0,60.9,82.8
2024/08/11 02:00,32.1,61.2,83.0
2024/08/11 02:05,31.8,61.2,82.6
